GROUP,PACKAGE,CLASS,INSTRUCTION_MISSED,INSTRUCTION_COVERED,BRANCH_MISSED,BRANCH_COVERED,LINE_MISSED,LINE_COVERED,COMPLEXITY_MISSED,COMPLEXITY_COVERED,METHOD_MISSED,METHOD_COVERED
concept-map,edu.ewu.cscd211.conceptmap.service,ConceptMapService,90,269,14,30,21,59,18,18,5,9
concept-map,edu.ewu.cscd211.conceptmap.service,ConceptMapReadException,19,7,3,1,6,2,5,1,3,1
concept-map,edu.ewu.cscd211.conceptmap.service,ConceptMapNotFoundException,19,7,3,1,6,2,5,1,3,1
concept-map,edu.ewu.cscd211.conceptmap.config,CorsConfig,0,52,0,0,0,9,0,2,0,2
concept-map,edu.ewu.cscd211.conceptmap.model,Node,0,113,0,16,0,26,0,17,0,9
concept-map,edu.ewu.cscd211.conceptmap.model,Metadata,3,105,1,19,1,21,2,15,1,6
concept-map,edu.ewu.cscd211.conceptmap.model,ConceptMap,12,182,3,17,2,40,3,22,1,14
concept-map,edu.ewu.cscd211.conceptmap.model,Link,0,156,0,24,0,31,0,22,0,10
concept-map,edu.ewu.cscd211.conceptmap,ConceptMapController,0,75,0,2,0,19,0,3,0,2
concept-map,edu.ewu.cscd211.conceptmap,ConceptMapApplication,5,3,0,0,2,1,1,1,1,1
concept-map,edu.ewu.cscd211.conceptmap.util,JsonValidationUtils,9,96,0,8,2,26,0,10,0,6
